sys_time,gyro_x,gyro_y,gyro_z,acc_x,acc_y,acc_z,movement_events
1763026866.368283,8,14,44,-5541,-2124,-5534,0
1763026866.368283,8,1,59,-5531,-2119,-5535,0
1763026866.368283,7,-23,67,-5522,-2109,-5536,0
1763026866.368283,4,-32,61,-5558,-2116,-5566,0
1763026866.368283,-1,-24,48,-5574,-2124,-5574,0
1763026866.41338,-10,-1,42,-5553,-2129,-5548,0
1763026866.41338,-20,44,57,-5550,-2139,-5539,0
1763026866.41338,-23,68,68,-5523,-2126,-5549,0
1763026866.41338,-17,72,58,-5503,-2114,-5532,0
1763026866.41338,-19,69,41,-5496,-2102,-5522,0
1763026866.457579,-21,51,31,-5498,-2114,-5536,0
1763026866.457579,-23,27,31,-5516,-2120,-5547,0
1763026866.457579,-20,15,34,-5506,-2136,-5542,0
1763026866.457579,-18,22,34,-5506,-2147,-5517,0
1763026866.457579,-13,25,25,-5504,-2142,-5503,0
1763026866.503278,-10,14,10,-5517,-2133,-5516,0
1763026866.503278,-9,6,-3,-5536,-2111,-5519,0
1763026866.503278,-1,0,-2,-5563,-2104,-5538,0
1763026866.503278,-5,-8,14,-5589,-2095,-5550,0
1763026866.503278,-16,16,32,-5594,-2105,-5597,0
1763026866.54741,-16,39,33,-5588,-2110,-5597,0
1763026866.54741,-5,97,33,-5537,-2109,-5501,0
1763026866.54741,-20,110,39,-5511,-2145,-5515,0
1763026866.54741,-24,49,40,-5519,-2147,-5553,0
1763026866.54741,-18,1,29,-5529,-2133,-5552,0
1763026866.54941,-24,12,31,-5520,-2126,-5537,0
1763026866.54941,-22,28,27,-5516,-2107,-5532,0
1763026866.54941,-17,31,19,-5510,-2095,-5537,0
1763026866.54941,-17,5,18,-5493,-2098,-5525,0
1763026866.54941,-22,-19,17,-5501,-2090,-5537,0
1763026866.592955,-11,-28,16,-5523,-2092,-5548,0
1763026866.592955,-1,-19,16,-5550,-2104,-5538,0
1763026866.592955,-8,-16,21,-5546,-2105,-5515,0
1763026866.592955,-8,-6,19,-5567,-2107,-5543,0
1763026866.592955,-8,3,12,-5573,-2120,-5550,0
1763026866.637848,-13,42,4,-5578,-2132,-5546,0
1763026866.637848,-19,83,8,-5567,-2133,-5545,0
1763026866.637848,-24,94,16,-5543,-2132,-5537,0
1763026866.637848,-28,83,20,-5535,-2124,-5541,0
1763026866.637848,-37,57,25,-5524,-2121,-5557,0
1763026866.681957,-37,34,24,-5529,-2122,-5587,0
1763026866.681957,-35,30,19,-5502,-2095,-5540,0
1763026866.681957,-26,51,28,-5487,-2104,-5523,0
1763026866.681957,-31,30,33,-5503,-2114,-5556,0
1763026866.681957,-18,-19,23,-5529,-2118,-5551,0
1763026866.728293,-12,-37,20,-5550,-2111,-5541,0
1763026866.728293,-20,-19,29,-5563,-2112,-5528,0
1763026866.728293,-21,13,41,-5565,-2116,-5528,0
1763026866.728293,-15,42,45,-5563,-2105,-5529,0
1763026866.728293,-18,42,41,-5550,-2099,-5523,0
1763026866.772743,-21,36,33,-5542,-2092,-5537,0
1763026866.772743,-18,34,32,-5543,-2099,-5523,0
1763026866.772743,-22,24,35,-5534,-2108,-5518,0
1763026866.772743,-22,29,34,-5520,-2116,-5535,0
1763026866.772743,-14,26,29,-5523,-2115,-5538,0
1763026866.817586,-12,22,23,-5527,-2132,-5541,0
1763026866.817586,-10,14,29,-5513,-2110,-5524,0
1763026866.817586,-5,-8,39,-5507,-2112,-5540,0
1763026866.817586,1,-23,38,-5514,-2101,-5536,0
1763026866.817586,7,-22,28,-5508,-2110,-5519,0
1763026866.863439,11,-11,21,-5511,-2123,-5518,0
1763026866.863439,13,-14,8,-5515,-2131,-5533,0
1763026866.863439,10,-16,-2,-5536,-2134,-5556,0
1763026866.863439,10,-23,-2,-5572,-2133,-5567,0
1763026866.863439,1,-13,8,-5584,-2136,-5572,0
1763026866.908306,-8,2,24,-5598,-2144,-5603,0
1763026866.908306,-29,20,32,-5605,-2147,-5642,0
1763026866.908306,-35,77,42,-5565,-2113,-5547,0
1763026866.908306,-41,144,63,-5540,-2105,-5521,0
1763026866.908306,-49,129,72,-5530,-2089,-5555,0
1763026866.953352,-52,80,54,-5528,-2073,-5548,0
1763026866.953352,-62,62,36,-5510,-2060,-5527,0
1763026866.953352,-65,69,23,-5513,-2056,-5526,0
1763026866.953352,-46,74,8,-5499,-2051,-5502,0
1763026866.953352,-32,66,3,-5480,-2072,-5487,0
1763026867.086266,-11,37,-5,-5470,-2100,-5488,0
1763026867.086266,9,2,-19,-5491,-2131,-5497,0
1763026867.086266,19,-17,-29,-5507,-2139,-5498,0
1763026867.086266,34,-18,-30,-5517,-2149,-5509,0
1763026867.086266,39,-10,-20,-5528,-2145,-5523,0
1763026867.088852,50,11,-18,-5528,-2133,-5543,0
1763026867.088852,49,25,-20,-5530,-2139,-5554,0
1763026867.088852,45,25,-12,-5525,-2130,-5570,0
1763026867.088852,36,1,-2,-5510,-2131,-5567,0
1763026867.088852,30,-16,4,-5506,-2124,-5579,0
1763026867.13192,21,-22,1,-5512,-2132,-5592,0
1763026867.13192,19,-22,0,-5517,-2129,-5580,0
1763026867.13192,10,-21,0,-5523,-2131,-5568,0
1763026867.13192,1,-26,2,-5528,-2110,-5562,0
1763026867.13192,-2,-37,-2,-5531,-2106,-5539,0
1763026867.134476,-6,-41,-13,-5548,-2089,-5549,0
1763026867.134476,-10,-30,-21,-5573,-2093,-5546,0
1763026867.134476,-13,-12,-23,-5578,-2096,-5531,0
1763026867.134476,-11,2,-14,-5583,-2101,-5542,0
1763026867.134476,-20,19,-8,-5566,-2128,-5559,0
1763026867.177772,-24,39,-5,-5560,-2140,-5581,0
1763026867.177772,-26,40,-3,-5544,-2123,-5564,0
1763026867.177772,-10,78,-3,-5502,-2114,-5498,0
1763026867.177772,-17,76,1,-5489,-2130,-5532,0
1763026867.177772,-10,9,-5,-5494,-2126,-5551,0
1763026867.178921,-1,-33,-21,-5504,-2140,-5535,0
1763026867.178921,-5,-35,-20,-5507,-2127,-5502,0
1763026867.178921,-9,-39,-16,-5527,-2129,-5515,0
1763026867.178921,0,-51,-25,-5540,-2118,-5531,0
1763026867.178921,-1,-61,-33,-5557,-2110,-5516,0
1763026867.22271,2,-53,-30,-5547,-2111,-5518,0
1763026867.22271,9,-39,-23,-5566,-2121,-5536,0
1763026867.22271,15,-22,-8,-5569,-2141,-5540,0
1763026867.22271,21,-4,5,-5558,-2149,-5521,0
1763026867.22271,20,13,10,-5529,-2152,-5517,0
1763026867.268036,21,14,5,-5525,-2152,-5534,0
1763026867.268036,25,9,-2,-5533,-2152,-5546,0
1763026867.268036,13,3,-6,-5533,-2149,-5538,0
1763026867.268036,10,3,-4,-5522,-2135,-5549,0
1763026867.268036,12,-4,1,-5527,-2127,-5552,0
1763026867.312945,4,-13,4,-5528,-2119,-5545,0
1763026867.312945,5,-26,5,-5514,-2116,-5540,0
1763026867.312945,6,-35,-3,-5515,-2106,-5520,0
1763026867.312945,11,-45,-7,-5528,-2119,-5513,0
1763026867.312945,15,-45,-16,-5542,-2147,-5539,0
1763026867.357765,21,-29,-28,-5540,-2161,-5520,0
1763026867.357765,21,-2,-27,-5525,-2156,-5507,0
1763026867.357765,26,-8,-24,-5511,-2134,-5506,0
1763026867.357765,32,-33,-29,-5513,-2132,-5513,0
1763026867.357765,27,-72,-26,-5540,-2136,-5534,0
1763026867.402596,12,-102,-19,-5574,-2158,-5547,0
1763026867.402596,2,-102,-13,-5599,-2162,-5575,0
1763026867.402596,-15,-68,-4,-5615,-2148,-5578,0
1763026867.402596,-4,9,4,-5584,-2122,-5507,0
1763026867.402596,-16,58,13,-5568,-2133,-5519,0
1763026867.493329,-27,13,18,-5578,-2129,-5542,0
1763026867.493329,-23,-20,14,-5592,-2140,-5525,0
1763026867.493329,-31,7,22,-5582,-2134,-5500,0
1763026867.493329,-36,48,21,-5555,-2132,-5481,0
1763026867.493329,-31,53,10,-5524,-2142,-5495,0
1763026867.495329,-25,34,-3,-5521,-2144,-5520,0
1763026867.495329,-16,18,-10,-5513,-2156,-5508,0
1763026867.495329,-14,7,-5,-5491,-2158,-5509,0
1763026867.495329,-1,-22,9,-5499,-2167,-5515,0
1763026867.495329,7,-58,16,-5518,-2165,-5524,0
1763026867.583005,8,-86,18,-5541,-2176,-5526,0
1763026867.583005,3,-92,15,-5567,-2177,-5518,0
1763026867.583005,-1,-74,10,-5587,-2181,-5510,0
1763026867.583005,-3,-40,4,-5578,-2171,-5494,0
1763026867.583005,-13,-14,4,-5555,-2160,-5505,0
1763026867.585969,-14,4,3,-5552,-2147,-5520,0
1763026867.585969,-6,4,-3,-5547,-2151,-5511,0
1763026867.585969,-14,16,-5,-5554,-2175,-5541,0
1763026867.585969,-26,14,1,-5568,-2185,-5572,0
1763026867.585969,-14,33,12,-5554,-2156,-5505,0
1763026867.628327,-19,68,24,-5540,-2162,-5490,0
1763026867.628327,-31,58,28,-5548,-2145,-5524,0
1763026867.628327,-30,21,11,-5569,-2122,-5534,0
1763026867.628327,-46,25,6,-5581,-2126,-5515,0
1763026867.628327,-56,51,9,-5584,-2116,-5523,0
1763026867.673331,-61,65,4,-5570,-2123,-5522,0
1763026867.673331,-69,74,0,-5555,-2132,-5524,0
1763026867.673331,-70,72,-4,-5546,-2144,-5531,0
1763026867.673331,-69,68,-8,-5537,-2143,-5506,0
1763026867.673331,-68,56,-4,-5530,-2150,-5500,0
1763026867.718467,-60,43,1,-5538,-2150,-5512,0
1763026867.718467,-48,24,6,-5541,-2147,-5500,0
1763026867.718467,-40,15,12,-5542,-2149,-5481,0
1763026867.718467,-38,7,15,-5551,-2153,-5502,0
1763026867.718467,-35,12,8,-5569,-2150,-5513,0
1763026867.720464,-34,22,3,-5566,-2160,-5509,0
1763026867.720464,-31,37,3,-5553,-2153,-5518,0
1763026867.720464,-27,44,13,-5531,-2142,-5536,0
1763026867.720464,-25,45,19,-5514,-2143,-5532,0
1763026867.720464,-19,44,18,-5508,-2141,-5542,0
1763026867.806262,-18,32,15,-5501,-2149,-5527,0
1763026867.806262,-19,9,7,-5495,-2144,-5519,0
1763026867.806262,-17,-23,2,-5495,-2143,-5517,0
1763026867.806262,-15,-40,-12,-5503,-2153,-5517,0
1763026867.806262,-22,-41,-23,-5532,-2165,-5550,0
1763026867.808801,-16,-24,-29,-5545,-2150,-5523,0
1763026867.808801,-6,12,-27,-5525,-2160,-5498,0
1763026867.808801,-15,-23,-18,-5525,-2159,-5529,0
1763026867.808801,-14,-74,-15,-5545,-2144,-5545,0
1763026867.808801,-16,-81,-15,-5549,-2148,-5527,0
1763026867.853241,-28,-50,-12,-5555,-2145,-5522,0
1763026867.853241,-27,-36,-18,-5571,-2132,-5536,0
1763026867.853241,-37,-39,-21,-5560,-2126,-5537,0
1763026867.853241,-51,-31,-22,-5547,-2127,-5519,0
1763026867.853241,-57,-16,-20,-5555,-2136,-5521,0
1763026867.89697,-63,-7,-25,-5567,-2154,-5513,0
1763026867.89697,-73,2,-38,-5576,-2170,-5494,0
1763026867.89697,-81,11,-49,-5588,-2162,-5486,0
1763026867.89697,-84,22,-50,-5586,-2159,-5498,0
1763026867.89697,-80,49,-47,-5578,-2150,-5510,0
1763026867.941978,-70,66,-42,-5550,-2151,-5509,0
1763026867.941978,-62,65,-27,-5523,-2142,-5500,0
1763026867.941978,-54,48,-17,-5501,-2140,-5517,0
1763026867.941978,-41,20,-14,-5498,-2148,-5520,0
1763026867.941978,-39,-8,-21,-5507,-2148,-5506,0
1763026867.988351,-32,-29,-30,-5512,-2150,-5488,0
1763026867.988351,-28,-44,-36,-5526,-2155,-5508,0
1763026867.988351,-26,-60,-46,-5542,-2155,-5512,0
1763026867.988351,-32,-64,-50,-5562,-2144,-5508,0
1763026867.988351,-35,-50,-52,-5580,-2152,-5500,0
1763026868.032627,-35,-30,-54,-5583,-2159,-5513,0
1763026868.032627,-38,-8,-56,-5588,-2178,-5546,0
1763026868.032627,-39,3,-56,-5578,-2155,-5535,0
1763026868.032627,-24,23,-48,-5542,-2139,-5482,0
1763026868.032627,-25,11,-15,-5538,-2153,-5517,0
1763026868.079074,-20,-39,-6,-5565,-2144,-5547,0
1763026868.079074,-15,-43,-10,-5583,-2155,-5524,0
1763026868.079074,-27,8,1,-5581,-2171,-5515,0
1763026868.079074,-31,40,12,-5582,-2176,-5515,0
1763026868.079074,-32,40,17,-5572,-2180,-5501,0
1763026868.123998,-49,24,16,-5559,-2171,-5525,0
1763026868.123998,-61,3,8,-5570,-2164,-5535,0
1763026868.123998,-72,0,1,-5553,-2160,-5511,0
1763026868.123998,-80,21,0,-5551,-2162,-5513,0
1763026868.123998,-78,39,2,-5527,-2168,-5517,0
1763026868.168339,-71,29,-2,-5497,-2158,-5518,0
1763026868.168339,-65,-5,-16,-5485,-2136,-5504,0
1763026868.168339,-60,-55,-32,-5483,-2118,-5499,0
1763026868.168339,-53,-83,-48,-5502,-2137,-5495,0
1763026868.168339,-48,-83,-59,-5514,-2155,-5489,0
1763026868.213034,-38,-65,-72,-5525,-2169,-5463,0
1763026868.213034,-26,-31,-88,-5534,-2206,-5445,0
1763026868.213034,-27,-41,-95,-5551,-2224,-5468,0
1763026868.213034,-24,-66,-103,-5596,-2219,-5507,0
1763026868.213034,-10,-55,-97,-5620,-2211,-5516,0
1763026868.257849,-16,-14,-70,-5597,-2206,-5495,0
1763026868.257849,-26,14,-47,-5570,-2197,-5506,0
1763026868.257849,-28,23,-40,-5549,-2197,-5539,0
1763026868.257849,-32,29,-38,-5525,-2181,-5539,0
1763026868.257849,-52,27,-24,-5505,-2156,-5547,0
1763026868.303088,-54,28,-5,-5491,-2136,-5560,0
1763026868.303088,-49,10,7,-5505,-2109,-5571,0
1763026868.303088,-50,-21,11,-5531,-2100,-5503,0
1763026868.303088,-61,-52,0,-5581,-2095,-5452,0
1763026868.303088,-83,-99,-38,-5657,-2128,-5376,0
1763026868.305333,-101,-132,-84,-5774,-2177,-5375,0
1763026868.305333,-114,-142,-140,-5894,-2197,-5400,0
1763026868.305333,-153,-94,-180,-5933,-2179,-5404,0
1763026868.305333,-174,18,-179,-5891,-2142,-5513,0
1763026868.305333,-154,197,-126,-5741,-2068,-5595,0
1763026868.348099,-108,419,-7,-5498,-2029,-5610,0
1763026868.348099,-43,547,133,-5243,-2021,-5655,0
1763026868.348099,48,488,234,-5050,-2044,-5650,0
1763026868.348099,108,253,268,-4932,-2096,-5488,0
1763026868.348099,118,-74,210,-4978,-2170,-5407,0
1763026868.436083,124,-447,49,-5175,-2222,-5424,0
1763026868.436083,90,-702,-137,-5427,-2239,-5345,0
1763026868.436083,27,-718,-270,-5703,-2220,-5447,0
1763026868.436083,3,-555,-314,-5884,-2171,-5582,0
1763026868.436083,7,-288,-258,-5909,-2112,-5538,0
1763026868.43825,4,4,-125,-5853,-2109,-5562,0
1763026868.43825,24,173,-6,-5775,-2160,-5600,0
1763026868.43825,26,237,54,-5695,-2239,-5482,0
1763026868.43825,-10,246,75,-5607,-2319,-5426,0
1763026868.43825,-39,217,49,-5570,-2352,-5472,0
1763026868.483465,-49,187,8,-5537,-2320,-5463,0
1763026868.483465,-69,194,-17,-5494,-2230,-5523,0
1763026868.483465,-64,176,-26,-5448,-2121,-5561,0
1763026868.483465,-48,137,-17,-5385,-2074,-5519,0
1763026868.483465,-33,60,6,-5364,-2083,-5529,0
1763026868.527649,-5,-42,-1,-5400,-2143,-5523,0
1763026868.527649,19,-140,-33,-5458,-2201,-5473,0
1763026868.527649,22,-202,-66,-5539,-2241,-5434,0
1763026868.527649,20,-235,-92,-5624,-2238,-5454,0
1763026868.527649,23,-220,-103,-5691,-2206,-5467,0
1763026868.573054,18,-155,-94,-5710,-2164,-5476,0
1763026868.573054,23,-57,-64,-5671,-2118,-5486,0
1763026868.573054,34,19,-20,-5585,-2080,-5487,0
1763026868.573054,51,58,27,-5511,-2069,-5483,0
1763026868.573054,61,36,57,-5468,-2067,-5483,0
1763026868.618351,70,-18,56,-5463,-2087,-5490,0
1763026868.618351,72,-76,41,-5500,-2113,-5482,0
1763026868.618351,79,-120,18,-5544,-2151,-5467,0
1763026868.618351,74,-146,-14,-5575,-2188,-5451,0
1763026868.618351,58,-152,-51,-5616,-2237,-5480,0
1763026868.663402,51,-127,-90,-5645,-2265,-5498,0
1763026868.663402,39,-82,-110,-5647,-2279,-5494,0
1763026868.663402,26,-32,-112,-5610,-2275,-5501,0
1763026868.663402,22,14,-100,-5572,-2269,-5489,0
1763026868.663402,19,39,-89,-5571,-2307,-5499,0
1763026868.752803,9,27,-86,-5559,-2331,-5497,0
1763026868.752803,-5,-14,-85,-5555,-2305,-5470,0
1763026868.752803,-7,-37,-63,-5550,-2252,-5433,0
1763026868.752803,-20,-56,-53,-5563,-2206,-5454,0
1763026868.752803,-17,-62,-55,-5594,-2166,-5481,0
1763026868.755613,-12,-42,-41,-5614,-2145,-5488,0
1763026868.755613,-21,0,7,-5607,-2148,-5485,0
1763026868.755613,-15,34,47,-5585,-2152,-5485,0
1763026868.755613,-12,49,68,-5587,-2188,-5502,0
1763026868.755613,-8,56,73,-5583,-2220,-5494,0
1763026868.798362,-13,43,65,-5589,-2254,-5477,0
1763026868.798362,-19,21,56,-5569,-2267,-5458,0
1763026868.798362,-18,0,42,-5552,-2261,-5433,0
1763026868.798362,-21,-16,18,-5535,-2248,-5404,0
1763026868.798362,-30,-21,-14,-5529,-2234,-5420,0
1763026868.843866,-29,-49,-53,-5532,-2196,-5460,0
1763026868.843866,-3,-33,-70,-5518,-2144,-5429,0
1763026868.843866,18,-28,-57,-5512,-2131,-5429,0
1763026868.843866,38,-57,-39,-5519,-2149,-5445,0
1763026868.843866,65,-98,-41,-5556,-2199,-5432,0
1763026868.888354,68,-123,-49,-5620,-2265,-5404,0
1763026868.888354,54,-144,-55,-5677,-2312,-5402,0
1763026868.888354,28,-144,-62,-5732,-2364,-5428,0
1763026868.888354,-21,-114,-76,-5798,-2417,-5503,0
1763026868.888354,-89,-13,-90,-5811,-2457,-5511,0
1763026868.9334,-165,151,-104,-5786,-2495,-5532,0
1763026868.9334,-253,278,-125,-5679,-2470,-5598,0
1763026868.9334,-310,357,-152,-5543,-2353,-5596,0
1763026868.9334,-338,419,-154,-5406,-2248,-5597,0
1763026868.9334,-366,416,-147,-5288,-2160,-5613,0
1763026868.935858,-356,355,-148,-5246,-2100,-5636,0
1763026868.935858,-339,275,-154,-5261,-2068,-5555,0
1763026868.935858,-330,197,-148,-5334,-2049,-5419,0
1763026868.935858,-300,77,-176,-5512,-2062,-5396,0
1763026868.935858,-322,-75,-255,-5629,-2076,-5216,0
1763026868.977998,-394,-104,-354,-5791,-2140,-5284,0
1763026868.977998,-384,69,-415,-5942,-2193,-5507,0
1763026868.977998,-322,440,-368,-5884,-2188,-5514,0
1763026868.977998,-258,881,-191,-5662,-2159,-5525,0
1763026868.977998,-133,1063,5,-5452,-2164,-5668,0
1763026869.067872,-19,895,142,-5278,-2234,-5559,0
1763026869.067872,5,516,202,-5177,-2272,-5359,0
1763026869.067872,7,35,142,-5252,-2289,-5389,0
1763026869.067872,9,-392,8,-5406,-2246,-5406,0
1763026869.067872,-15,-576,-100,-5586,-2149,-5454,0
1763026869.070365,-31,-507,-139,-5698,-2037,-5579,0
1763026869.070365,-17,-292,-102,-5695,-1957,-5634,0
1763026869.070365,-8,-62,-15,-5621,-1953,-5741,0
1763026869.070365,25,111,89,-5528,-2009,-5760,0
1763026869.070365,72,206,190,-5468,-2116,-5686,0
1763026869.112956,67,182,259,-5393,-2227,-5599,0
1763026869.112956,50,55,246,-5377,-2290,-5559,0
1763026869.112956,40,-99,183,-5424,-2314,-5537,0
1763026869.112956,10,-188,117,-5487,-2271,-5475,0
1763026869.112956,-22,-202,67,-5528,-2200,-5485,0
1763026869.158361,-35,-160,51,-5556,-2151,-5519,0
1763026869.158361,-26,-85,70,-5542,-2125,-5529,0
1763026869.158361,-10,11,105,-5501,-2136,-5550,0
1763026869.158361,19,80,145,-5470,-2179,-5563,0
1763026869.158361,53,82,177,-5450,-2219,-5541,0
1763026869.247374,67,37,188,-5443,-2258,-5488,0
1763026869.247374,63,-37,159,-5464,-2300,-5450,0
1763026869.247374,43,-103,92,-5506,-2326,-5421,0
1763026869.247374,19,-116,11,-5537,-2349,-5369,0
1763026869.247374,-8,-77,-62,-5544,-2340,-5350,0
1763026869.249992,-44,-36,-117,-5539,-2330,-5410,0
1763026869.249992,-48,3,-154,-5534,-2311,-5467,0
1763026869.249992,-35,52,-158,-5537,-2277,-5506,0
1763026869.249992,-12,87,-121,-5521,-2245,-5547,0
1763026869.249992,22,68,-67,-5512,-2225,-5561,0
1763026869.293162,49,0,-20,-5510,-2235,-5542,0
1763026869.293162,58,-75,0,-5528,-2239,-5534,0
1763026869.293162,68,-106,-11,-5521,-2217,-5479,0
1763026869.293162,69,-81,-25,-5533,-2178,-5464,0
1763026869.293162,62,-67,-24,-5523,-2113,-5493,0
1763026869.383258,69,-81,-2,-5504,-2033,-5529,0
1763026869.383258,90,-90,18,-5485,-1984,-5535,0
1763026869.383258,116,-73,34,-5472,-1983,-5534,0
1763026869.383258,135,-70,42,-5496,-2026,-5508,0
1763026869.383258,145,-121,26,-5552,-2120,-5493,0
1763026869.385359,123,-179,-8,-5649,-2242,-5481,0
1763026869.385359,98,-213,-50,-5747,-2352,-5489,0
1763026869.385359,75,-172,-71,-5789,-2403,-5457,0
1763026869.385359,67,-65,-60,-5714,-2384,-5427,0
1763026869.385359,61,24,-26,-5610,-2318,-5475,0
1763026869.428324,68,59,7,-5493,-2242,-5517,0
1763026869.428324,81,56,27,-5398,-2214,-5518,0
1763026869.428324,88,27,50,-5322,-2214,-5530,0
1763026869.428324,100,-56,61,-5286,-2235,-5565,0
1763026869.428324,100,-166,45,-5289,-2260,-5567,0
1763026869.473433,88,-276,8,-5329,-2276,-5538,0
1763026869.473433,61,-346,-44,-5399,-2317,-5517,0
1763026869.473433,35,-359,-99,-5494,-2358,-5519,0
1763026869.473433,9,-308,-143,-5574,-2381,-5521,0
1763026869.473433,-21,-222,-164,-5635,-2367,-5541,0
1763026869.518431,-43,-133,-155,-5673,-2318,-5553,0
1763026869.518431,-66,-45,-120,-5683,-2253,-5548,0
1763026869.518431,-84,19,-74,-5650,-2177,-5518,0
1763026869.518431,-96,62,-38,-5649,-2143,-5500,0
1763026869.518431,-104,100,-16,-5669,-2151,-5471,0
1763026869.520872,-105,136,-14,-5663,-2157,-5427,0
1763026869.520872,-106,155,-13,-5613,-2142,-5418,0
1763026869.520872,-99,152,-29,-5549,-2116,-5421,0
1763026869.520872,-78,140,-56,-5490,-2103,-5442,0
1763026869.520872,-45,145,-92,-5428,-2113,-5454,0
1763026869.609014,-17,125,-121,-5364,-2153,-5520,0
1763026869.609014,31,68,-142,-5301,-2184,-5513,0
1763026869.609014,88,8,-162,-5246,-2256,-5426,0
1763026869.609014,108,-121,-188,-5255,-2335,-5418,0
1763026869.609014,126,-316,-229,-5315,-2406,-5438,0
1763026869.609014,146,-506,-268,-5392,-2427,-5391,0
1763026869.698045,139,-602,-301,-5481,-2415,-5336,0
1763026869.698045,130,-603,-322,-5604,-2418,-5349,0
1763026869.698045,133,-533,-336,-5726,-2438,-5393,0
1763026869.698045,129,-424,-324,-5791,-2451,-5385,0
1763026869.698045,116,-301,-288,-5797,-2432,-5378,0
1763026869.700299,120,-180,-237,-5785,-2399,-5405,0
1763026869.700299,133,-84,-198,-5749,-2367,-5395,0
1763026869.700299,123,-24,-173,-5712,-2336,-5381,0
1763026869.700299,117,-3,-163,-5688,-2300,-5386,0
1763026869.700299,104,-18,-164,-5659,-2270,-5384,0
1763026869.743659,78,-29,-187,-5643,-2257,-5375,0
1763026869.743659,43,-21,-232,-5642,-2258,-5391,0
1763026869.743659,14,37,-278,-5664,-2263,-5395,0
1763026869.743659,0,120,-312,-5646,-2279,-5369,0
1763026869.743659,0,184,-329,-5613,-2293,-5377,0
1763026869.744736,6,202,-339,-5563,-2304,-5381,0
1763026869.744736,27,205,-351,-5513,-2330,-5354,0
1763026869.744736,60,193,-367,-5493,-2343,-5345,0
1763026869.744736,87,151,-378,-5501,-2369,-5329,0
1763026869.744736,107,77,-381,-5536,-2403,-5319,0
1763026869.788501,111,-6,-376,-5600,-2443,-5306,0
1763026869.788501,79,-61,-358,-5640,-2490,-5342,0
1763026869.788501,27,-53,-344,-5729,-2553,-5416,0
1763026869.788501,-22,66,-329,-5830,-2624,-5472,0
1763026869.788501,-85,222,-312,-5858,-2662,-5499,0
1763026869.833001,-173,343,-295,-5814,-2635,-5526,0
1763026869.833001,-261,422,-267,-5750,-2594,-5616,0
1763026869.833001,-331,503,-232,-5692,-2540,-5657,0
1763026869.833001,-388,660,-193,-5611,-2526,-5623,0
1763026869.833001,-458,767,-136,-5516,-2516,-5636,0
1763026869.921376,-491,769,-94,-5444,-2489,-5656,0
1763026869.921376,-503,762,-53,-5396,-2466,-5634,0
1763026869.921376,-514,756,-14,-5350,-2418,-5598,0
1763026869.921376,-511,709,20,-5351,-2352,-5593,0
1763026869.921376,-503,630,47,-5387,-2274,-5578,0
1763026869.923874,-488,548,81,-5434,-2200,-5587,0
1763026869.923874,-473,507,121,-5488,-2133,-5580,0
1763026869.923874,-456,503,178,-5497,-2073,-5561,0
1763026869.923874,-438,510,236,-5502,-2038,-5562,0
1763026869.923874,-412,496,269,-5497,-2027,-5556,0
1763026870.013452,-377,493,284,-5474,-2061,-5538,0
1763026870.013452,-347,482,284,-5440,-2100,-5537,0
1763026870.013452,-316,471,270,-5392,-2149,-5550,0
1763026870.013452,-279,436,253,-5344,-2184,-5558,0
1763026870.013452,-241,386,241,-5281,-2220,-5563,0
1763026870.015879,-193,302,238,-5219,-2258,-5536,0
1763026870.015879,-159,200,246,-5189,-2299,-5546,0
1763026870.015879,-121,88,244,-5222,-2366,-5652,0
1763026870.015879,-74,-21,226,-5264,-2416,-5680,0
1763026870.015879,-58,-80,219,-5282,-2472,-5672,0
1763026870.058404,-64,-88,259,-5285,-2504,-5720,0
1763026870.058404,-22,-46,309,-5256,-2459,-5682,0
1763026870.058404,44,24,342,-5203,-2399,-5587,0
1763026870.058404,61,-1,358,-5171,-2351,-5545,0
1763026870.058404,51,-176,335,-5190,-2304,-5568,0
1763026870.103068,49,-354,262,-5270,-2252,-5583,0
1763026870.103068,56,-412,184,-5349,-2219,-5540,0
1763026870.103068,48,-375,117,-5394,-2203,-5501,0
1763026870.103068,42,-339,67,-5428,-2206,-5506,0
1763026870.103068,44,-323,23,-5475,-2210,-5511,0
1763026870.192755,45,-273,-12,-5522,-2213,-5491,0
1763026870.192755,37,-178,-28,-5568,-2226,-5490,0
1763026870.192755,37,-72,-31,-5592,-2237,-5538,0
1763026870.192755,44,32,-8,-5603,-2258,-5565,0
1763026870.192755,49,125,42,-5573,-2269,-5579,0
1763026870.195905,45,174,102,-5517,-2259,-5597,0
1763026870.195905,47,172,142,-5470,-2268,-5627,0
1763026870.195905,44,145,163,-5431,-2289,-5629,0
1763026870.195905,17,107,172,-5397,-2301,-5624,0
1763026870.195905,7,65,171,-5381,-2312,-5613,0
1763026870.237686,3,27,154,-5372,-2303,-5597,0
1763026870.237686,-15,-4,123,-5383,-2286,-5622,0
1763026870.237686,-31,-52,83,-5406,-2265,-5655,0
1763026870.237686,-21,-63,69,-5431,-2251,-5595,0
1763026870.237686,-18,-36,80,-5437,-2252,-5564,0
1763026870.240212,-7,-27,85,-5405,-2230,-5556,0
1763026870.240212,3,-68,68,-5397,-2225,-5541,0
1763026870.240212,5,-114,52,-5418,-2220,-5573,0
1763026870.240212,0,-124,30,-5443,-2220,-5592,0
1763026870.240212,7,-87,9,-5456,-2231,-5549,0
1763026870.327945,9,0,8,-5444,-2249,-5537,0
1763026870.327945,13,67,9,-5414,-2260,-5548,0
1763026870.327945,18,98,-6,-5391,-2284,-5542,0
1763026870.327945,-2,90,-30,-5404,-2321,-5563,0
1763026870.327945,-13,79,-53,-5424,-2328,-5577,0
1763026870.330411,-20,71,-65,-5438,-2323,-5601,0
1763026870.330411,-25,86,-51,-5437,-2312,-5627,0
1763026870.330411,-23,92,-23,-5422,-2270,-5645,0
1763026870.330411,-19,80,7,-5388,-2239,-5659,0
1763026870.330411,-15,40,37,-5375,-2193,-5658,0
1763026870.373409,-19,2,57,-5356,-2152,-5636,0
1763026870.373409,-27,-24,55,-5335,-2136,-5615,0
1763026870.373409,-30,-29,25,-5334,-2159,-5598,0
1763026870.373409,-28,-19,-44,-5348,-2194,-5595,0
1763026870.373409,-32,10,-134,-5344,-2254,-5524,0
1763026870.462472,-52,32,-224,-5346,-2315,-5482,0
1763026870.462472,-67,27,-313,-5371,-2364,-5448,0
1763026870.462472,-64,17,-393,-5441,-2424,-5378,0
1763026870.462472,-72,1,-450,-5514,-2503,-5363,0
1763026870.462472,-104,-50,-480,-5577,-2568,-5429,0
1763026870.465965,-122,-111,-482,-5645,-2570,-5544,0
1763026870.465965,-105,-102,-440,-5676,-2501,-5507,0
1763026870.465965,-78,15,-351,-5651,-2423,-5475,0
1763026870.465965,-71,89,-239,-5609,-2348,-5537,0
1763026870.465965,-62,63,-163,-5575,-2267,-5608,0
1763026870.508637,-49,55,-120,-5529,-2224,-5621,0
1763026870.508637,-52,123,-86,-5456,-2179,-5610,0
1763026870.508637,-44,207,-76,-5376,-2129,-5615,0
1763026870.508637,-14,253,-97,-5288,-2106,-5596,0
1763026870.508637,19,237,-148,-5194,-2112,-5568,0
1763026870.553021,51,167,-219,-5136,-2130,-5526,0
1763026870.553021,91,67,-292,-5115,-2168,-5511,0
1763026870.553021,143,-37,-342,-5185,-2197,-5529,0
1763026870.553021,193,-131,-347,-5292,-2247,-5531,0
1763026870.553021,195,-217,-340,-5406,-2317,-5527,0
1763026870.641982,165,-266,-343,-5540,-2378,-5568,0
1763026870.641982,117,-215,-343,-5701,-2444,-5635,0
1763026870.641982,53,-63,-314,-5836,-2490,-5696,0
1763026870.641982,-32,121,-255,-5886,-2503,-5748,0
1763026870.641982,-133,301,-163,-5853,-2489,-5805,0
1763026870.644552,-217,477,-56,-5752,-2441,-5842,0
1763026870.644552,-295,631,36,-5599,-2380,-5847,0
1763026870.644552,-356,743,103,-5450,-2318,-5863,0
1763026870.644552,-404,762,145,-5332,-2303,-5848,0
1763026870.644552,-449,728,169,-5234,-2340,-5805,0
1763026870.688066,-477,653,175,-5157,-2384,-5759,0
1763026870.688066,-497,542,172,-5123,-2382,-5731,0
1763026870.688066,-499,436,157,-5134,-2352,-5719,0
1763026870.688066,-491,354,135,-5175,-2282,-5709,0
1763026870.688066,-479,299,140,-5238,-2224,-5716,0
1763026870.822821,-460,269,164,-5301,-2175,-5719,0
1763026870.822821,-446,254,199,-5348,-2155,-5755,0
1763026870.822821,-393,278,232,-5341,-2120,-5679,0
1763026870.822821,-345,349,280,-5310,-2128,-5646,0
1763026870.822821,-333,352,323,-5314,-2144,-5677,0
1763026870.825272,-304,310,345,-5316,-2152,-5715,0
1763026870.825272,-274,296,363,-5300,-2179,-5748,0
1763026870.825272,-259,313,399,-5251,-2211,-5751,0
1763026870.825272,-222,324,423,-5180,-2220,-5718,0
1763026870.825272,-183,306,425,-5098,-2258,-5700,0
1763026870.867696,-147,235,394,-5036,-2271,-5662,0
1763026870.867696,-115,115,348,-4996,-2264,-5639,0
1763026870.867696,-85,-35,298,-4998,-2249,-5650,0
1763026870.867696,-44,-173,253,-5052,-2232,-5647,0
1763026870.867696,-2,-279,207,-5103,-2203,-5624,0
1763026870.870542,34,-377,166,-5156,-2184,-5605,0
1763026870.870542,65,-446,122,-5225,-2153,-5622,0
1763026870.870542,92,-456,79,-5330,-2138,-5612,0
1763026870.870542,101,-405,41,-5419,-2145,-5608,0
1763026870.870542,100,-308,12,-5482,-2155,-5611,0
1763026870.958431,90,-200,-9,-5511,-2163,-5626,0
1763026870.958431,78,-100,-30,-5503,-2180,-5626,0
1763026870.958431,55,-5,-56,-5478,-2200,-5631,0
1763026870.958431,44,79,-89,-5440,-2233,-5681,0
1763026870.958431,36,147,-121,-5392,-2250,-5690,0
1763026870.959565,23,186,-136,-5337,-2261,-5691,0
1763026870.959565,21,192,-135,-5291,-2245,-5705,0
1763026870.959565,34,151,-122,-5277,-2221,-5708,0
1763026870.959565,52,83,-96,-5261,-2199,-5708,0
1763026870.959565,64,-7,-65,-5271,-2191,-5704,0
1763026871.002791,84,-81,-37,-5294,-2169,-5726,0
1763026871.002791,102,-122,-15,-5310,-2166,-5695,0
1763026871.002791,124,-102,-9,-5307,-2160,-5661,0
1763026871.002791,133,-65,-19,-5297,-2149,-5663,0
1763026871.002791,150,-42,-54,-5293,-2156,-5649,0
1763026871.005805,163,-27,-104,-5300,-2162,-5629,0
1763026871.005805,164,-23,-152,-5312,-2177,-5623,0
1763026871.005805,176,-39,-194,-5336,-2215,-5654,0
1763026871.005805,170,-69,-216,-5364,-2273,-5643,0
1763026871.005805,134,-89,-211,-5410,-2360,-5671,0
1763026871.048528,114,-82,-183,-5436,-2404,-5703,0
1763026871.048528,111,-53,-149,-5432,-2373,-5706,0
1763026871.048528,103,-14,-105,-5408,-2310,-5722,0
1763026871.048528,88,-9,-58,-5363,-2231,-5739,0
1763026871.048528,73,8,-19,-5352,-2214,-5751,0
1763026871.137074,46,44,13,-5326,-2233,-5790,0
1763026871.137074,27,70,3,-5291,-2249,-5786,0
1763026871.137074,32,117,-28,-5227,-2260,-5743,0
1763026871.137074,8,152,-61,-5193,-2292,-5739,0
1763026871.137074,-10,116,-108,-5157,-2298,-5734,0
1763026871.139103,-18,56,-166,-5133,-2313,-5727,0
1763026871.139103,-23,29,-216,-5144,-2331,-5728,0
1763026871.139103,-23,5,-254,-5177,-2363,-5693,0
1763026871.139103,-15,-29,-278,-5213,-2401,-5636,0
1763026871.139103,-23,-90,-293,-5237,-2427,-5623,0
1763026871.183435,-14,-158,-305,-5273,-2389,-5641,0
1763026871.183435,9,-196,-306,-5323,-2339,-5635,0
1763026871.183435,25,-197,-281,-5368,-2273,-5637,0
1763026871.183435,49,-161,-246,-5383,-2209,-5637,0
1763026871.183435,74,-120,-207,-5384,-2159,-5655,0
1763026871.272363,86,-86,-183,-5384,-2152,-5661,0
1763026871.272363,89,-43,-180,-5388,-2153,-5654,0
1763026871.272363,86,7,-200,-5383,-2167,-5604,0
1763026871.272363,75,68,-247,-5378,-2229,-5551,0
1763026871.272363,54,113,-322,-5394,-2325,-5517,0
1763026871.275415,40,158,-418,-5434,-2433,-5460,0
1763026871.275415,20,194,-515,-5469,-2542,-5428,0
1763026871.275415,2,222,-601,-5476,-2597,-5448,0
1763026871.275415,-3,225,-661,-5495,-2621,-5550,0
1763026871.275415,3,240,-673,-5498,-2591,-5656,0
1763026871.318069,27,285,-627,-5438,-2528,-5686,0
1763026871.318069,65,327,-521,-5338,-2417,-5733,0
1763026871.318069,120,306,-380,-5199,-2292,-5716,0
1763026871.318069,171,234,-248,-5111,-2231,-5721,0
1763026871.318069,194,134,-162,-5086,-2251,-5699,0
1763026871.363575,187,22,-157,-5114,-2320,-5658,0
1763026871.363575,157,-61,-212,-5195,-2407,-5661,0
1763026871.363575,134,-61,-277,-5313,-2485,-5654,0
1763026871.363575,118,-8,-327,-5370,-2514,-5646,0
1763026871.363575,91,25,-352,-5389,-2544,-5654,0
1763026871.452573,49,24,-338,-5407,-2622,-5757,0
1763026871.452573,-4,22,-299,-5441,-2673,-5855,0
1763026871.452573,-17,123,-241,-5448,-2695,-5833,0
1763026871.452573,-59,232,-133,-5436,-2665,-5849,0
1763026871.452573,-129,212,-10,-5407,-2582,-5909,0
1763026871.454576,-184,172,88,-5401,-2437,-5955,0
1763026871.454576,-250,226,177,-5393,-2308,-5978,0
1763026871.454576,-308,353,271,-5357,-2208,-5963,0
1763026871.454576,-358,465,358,-5313,-2156,-5964,0
1763026871.454576,-408,514,416,-5249,-2145,-5938,0
1763026871.497973,-445,532,444,-5204,-2162,-5891,0
1763026871.497973,-482,521,445,-5174,-2213,-5847,0
1763026871.497973,-498,503,443,-5157,-2254,-5808,0
1763026871.497973,-492,475,451,-5144,-2286,-5755,0
1763026871.497973,-470,426,461,-5128,-2305,-5694,0
1763026871.499968,-442,346,468,-5118,-2311,-5665,0
1763026871.499968,-404,236,472,-5139,-2319,-5691,0
1763026871.499968,-343,143,468,-5186,-2343,-5731,0
1763026871.499968,-295,86,478,-5214,-2382,-5759,0
1763026871.499968,-245,99,526,-5233,-2457,-5747,0
1763026871.543126,-190,168,604,-5198,-2523,-5679,0
1763026871.543126,-149,250,672,-5129,-2537,-5681,0
1763026871.543126,-106,261,697,-5046,-2462,-5690,0
1763026871.543126,-62,209,664,-4996,-2360,-5696,0
1763026871.543126,-35,98,612,-4969,-2244,-5725,0
1763026871.588424,1,-28,569,-4977,-2147,-5746,0
1763026871.588424,45,-146,520,-4994,-2106,-5784,0
1763026871.588424,95,-243,455,-5001,-2067,-5733,0
1763026871.588424,140,-284,376,-5031,-2060,-5670,0
1763026871.588424,152,-342,300,-5125,-2081,-5677,0
1763026871.678018,162,-393,224,-5239,-2094,-5705,0
1763026871.678018,169,-350,172,-5336,-2114,-5715,0
1763026871.678018,170,-210,154,-5371,-2142,-5712,0
1763026871.678018,169,-55,153,-5353,-2161,-5738,0
1763026871.678018,163,64,146,-5307,-2179,-5800,0
1763026871.681102,167,163,126,-5249,-2220,-5801,0
1763026871.681102,161,225,109,-5144,-2264,-5778,0
1763026871.681102,152,240,90,-5038,-2303,-5774,0
1763026871.681102,159,177,45,-4942,-2323,-5760,0
1763026871.681102,154,60,-34,-4915,-2356,-5775,0
1763026871.723489,142,-60,-128,-4922,-2368,-5757,0
1763026871.723489,144,-152,-214,-4989,-2387,-5718,0
1763026871.723489,142,-201,-279,-5060,-2389,-5699,0
1763026871.723489,138,-263,-334,-5105,-2367,-5707,0
1763026871.723489,146,-333,-371,-5165,-2326,-5718,0
1763026871.768426,165,-377,-382,-5251,-2290,-5722,0
1763026871.768426,176,-388,-364,-5330,-2272,-5728,0
1763026871.768426,190,-379,-315,-5400,-2269,-5723,0
1763026871.768426,188,-326,-247,-5450,-2323,-5700,0
1763026871.768426,181,-250,-183,-5473,-2346,-5702,0
1763026871.81327,169,-166,-147,-5491,-2323,-5703,0
1763026871.81327,149,-66,-128,-5505,-2272,-5714,0
1763026871.81327,123,39,-110,-5506,-2247,-5732,0
1763026871.81327,90,129,-89,-5468,-2241,-5733,0
1763026871.81327,68,198,-83,-5392,-2264,-5724,0
1763026871.85789,64,258,-94,-5314,-2308,-5685,0
1763026871.85789,53,299,-115,-5217,-2349,-5665,0
1763026871.85789,53,270,-157,-5123,-2365,-5704,0
1763026871.85789,74,164,-211,-5026,-2333,-5731,0
1763026871.85789,125,47,-233,-4974,-2302,-5704,0
1763026871.947086,158,-73,-234,-4962,-2324,-5698,0
1763026871.947086,189,-213,-243,-4977,-2333,-5737,0
1763026871.947086,230,-344,-265,-5065,-2361,-5752,0
1763026871.947086,231,-439,-275,-5152,-2419,-5749,0
1763026871.947086,210,-472,-261,-5246,-2451,-5753,0
1763026871.949551,204,-432,-235,-5330,-2462,-5754,0
1763026871.949551,197,-351,-195,-5359,-2429,-5760,0
1763026871.949551,176,-278,-158,-5351,-2407,-5730,0
1763026871.949551,160,-217,-129,-5340,-2413,-5709,0
1763026871.949551,144,-181,-116,-5347,-2449,-5703,0
1763026871.993057,131,-154,-124,-5310,-2476,-5667,0
1763026871.993057,124,-132,-145,-5280,-2471,-5626,0
1763026871.993057,118,-125,-171,-5244,-2454,-5606,0
1763026871.993057,114,-140,-207,-5221,-2412,-5606,0
1763026871.993057,120,-147,-257,-5228,-2383,-5597,0
1763026872.083472,125,-130,-309,-5251,-2361,-5611,0
1763026872.083472,137,-101,-353,-5270,-2367,-5595,0
1763026872.083472,150,-63,-378,-5301,-2394,-5583,0
1763026872.083472,165,-49,-383,-5342,-2433,-5571,0
1763026872.083472,185,-46,-394,-5356,-2498,-5542,0
1763026872.084688,184,-50,-405,-5360,-2565,-5515,0
1763026872.084688,178,-56,-429,-5364,-2597,-5522,0
1763026872.084688,173,-54,-461,-5372,-2590,-5556,0
1763026872.084688,151,-37,-482,-5371,-2564,-5628,0
1763026872.084688,120,24,-481,-5383,-2541,-5733,0
1763026872.128176,85,114,-453,-5383,-2507,-5786,0
1763026872.128176,62,184,-400,-5316,-2462,-5805,0
1763026872.128176,36,186,-339,-5211,-2454,-5801,0
1763026872.128176,15,156,-299,-5116,-2452,-5758,0
1763026872.128176,-10,135,-310,-5059,-2515,-5670,0
1763026872.13051,-31,112,-379,-5068,-2596,-5601,0
1763026872.13051,-36,61,-480,-5140,-2661,-5520,0
1763026872.13051,-29,11,-564,-5245,-2725,-5458,0
1763026872.13051,-17,-40,-599,-5383,-2784,-5426,0
1763026872.13051,12,-94,-577,-5515,-2830,-5444,0
1763026872.173732,28,-145,-495,-5620,-2870,-5490,0
1763026872.173732,23,-164,-362,-5676,-2845,-5591,0
1763026872.173732,18,-123,-208,-5685,-2752,-5719,0
1763026872.173732,1,4,-38,-5680,-2647,-5839,0
1763026872.173732,-40,192,148,-5606,-2511,-5904,0
1763026872.218435,-110,388,314,-5493,-2406,-5957,0
1763026872.218435,-198,554,434,-5424,-2357,-6018,0
1763026872.218435,-286,597,509,-5327,-2357,-6099,0
1763026872.218435,-366,571,572,-5178,-2353,-6046,0
1763026872.218435,-431,565,631,-5035,-2380,-5973,0
1763026872.263892,-469,553,666,-4922,-2417,-5939,0
1763026872.263892,-500,466,643,-4900,-2489,-5881,0
1763026872.263892,-533,322,578,-4923,-2552,-5811,0
1763026872.263892,-551,174,520,-4990,-2562,-5741,0
1763026872.263892,-547,43,503,-5052,-2542,-5686,0
1763026872.3079,-526,-26,525,-5117,-2512,-5684,0
1763026872.3079,-493,-35,558,-5191,-2507,-5678,0
1763026872.3079,-466,12,604,-5252,-2513,-5692,0
1763026872.3079,-443,66,653,-5290,-2490,-5684,0
1763026872.3079,-426,121,696,-5322,-2463,-5670,0
1763026872.353095,-410,204,731,-5304,-2413,-5675,0
1763026872.353095,-389,298,749,-5258,-2375,-5659,0
1763026872.353095,-353,373,754,-5179,-2331,-5639,0
1763026872.353095,-315,396,736,-5090,-2275,-5613,0
1763026872.353095,-266,344,689,-5019,-2232,-5601,0
1763026872.443594,-212,234,608,-5007,-2211,-5662,0
1763026872.443594,-152,124,505,-5043,-2199,-5690,0
1763026872.443594,-93,50,421,-5062,-2222,-5606,0
1763026872.443594,-44,6,368,-5078,-2266,-5577,0
1763026872.443594,2,-46,313,-5102,-2269,-5590,0
1763026872.445603,46,-95,242,-5148,-2264,-5602,0
1763026872.445603,74,-97,165,-5192,-2252,-5642,0
1763026872.445603,84,-64,98,-5220,-2244,-5671,0
1763026872.445603,105,11,60,-5224,-2255,-5692,0
1763026872.445603,129,81,38,-5176,-2252,-5726,0
1763026872.488442,148,97,26,-5107,-2243,-5755,0
1763026872.488442,162,60,13,-5037,-2241,-5787,0
1763026872.488442,168,-19,0,-5009,-2237,-5809,0
1763026872.488442,187,-106,-19,-5017,-2249,-5812,0
1763026872.488442,190,-179,-49,-5060,-2284,-5797,0
1763026872.533762,180,-235,-73,-5122,-2318,-5793,0
1763026872.533762,165,-271,-106,-5196,-2355,-5787,0
1763026872.533762,131,-279,-145,-5274,-2381,-5798,0
1763026872.533762,96,-248,-176,-5324,-2412,-5777,0
1763026872.533762,66,-146,-177,-5353,-2445,-5754,0
1763026872.57917,34,-48,-158,-5338,-2452,-5757,0
1763026872.57917,15,7,-143,-5287,-2409,-5749,0
1763026872.57917,8,25,-129,-5241,-2377,-5748,0
1763026872.57917,6,31,-107,-5214,-2348,-5744,0
1763026872.57917,19,33,-83,-5199,-2314,-5743,0
1763026872.623023,43,38,-67,-5186,-2303,-5717,0
1763026872.623023,65,24,-60,-5182,-2293,-5701,0
1763026872.623023,78,-16,-73,-5195,-2287,-5686,0
1763026872.623023,99,-41,-104,-5226,-2295,-5631,0
1763026872.623023,108,-27,-141,-5286,-2300,-5601,0
1763026872.668419,115,-1,-178,-5338,-2326,-5623,0
1763026872.668419,115,34,-218,-5371,-2339,-5651,0
1763026872.668419,113,81,-241,-5383,-2363,-5637,0
1763026872.668419,99,123,-248,-5373,-2408,-5639,0
1763026872.668419,83,147,-255,-5340,-2451,-5694,0
1763026872.670406,76,154,-262,-5278,-2468,-5706,0
1763026872.670406,67,161,-265,-5221,-2475,-5714,0
1763026872.670406,61,145,-259,-5181,-2465,-5743,0
1763026872.670406,53,115,-255,-5157,-2462,-5795,0
1763026872.670406,48,70,-242,-5143,-2446,-5830,0
1763026872.757914,56,40,-216,-5134,-2436,-5816,0
1763026872.757914,46,13,-178,-5141,-2431,-5805,0
1763026872.757914,38,-22,-148,-5148,-2427,-5805,0
1763026872.757914,36,-41,-126,-5170,-2416,-5809,0
1763026872.757914,29,-35,-105,-5208,-2401,-5801,0
1763026872.760728,28,-18,-78,-5233,-2373,-5763,0
1763026872.760728,28,5,-33,-5246,-2377,-5757,0
1763026872.760728,30,38,-6,-5244,-2359,-5750,0
1763026872.760728,44,64,-8,-5208,-2354,-5718,0
1763026872.760728,65,75,-27,-5155,-2339,-5655,0
1763026872.803583,88,58,-49,-5118,-2357,-5653,0
1763026872.803583,107,25,-82,-5122,-2397,-5668,0
1763026872.803583,139,-10,-127,-5141,-2438,-5618,0
1763026872.803583,168,-24,-162,-5154,-2487,-5550,0
1763026872.803583,191,-65,-190,-5171,-2530,-5509,0
1763026872.848226,212,-147,-238,-5209,-2572,-5485,0
1763026872.848226,221,-206,-294,-5286,-2616,-5483,0
1763026872.848226,189,-217,-349,-5395,-2687,-5519,0
1763026872.848226,124,-182,-407,-5488,-2746,-5624,0
1763026872.848226,51,-89,-449,-5522,-2727,-5750,0
1763026872.892816,-11,64,-453,-5474,-2625,-5857,0
1763026872.892816,-51,236,-401,-5332,-2472,-5915,0
1763026872.892816,-78,364,-331,-5157,-2367,-5929,0
1763026872.892816,-99,424,-278,-4971,-2332,-5892,0
1763026872.892816,-116,419,-278,-4889,-2376,-5828,0
1763026872.938236,-129,376,-337,-4883,-2476,-5742,0
1763026872.938236,-168,313,-445,-4948,-2592,-5701,0
1763026872.938236,-196,259,-548,-5077,-2661,-5698,0
1763026872.938236,-192,222,-591,-5215,-2707,-5714,0
1763026872.938236,-183,212,-555,-5343,-2697,-5736,0
1763026872.982728,-160,196,-448,-5439,-2688,-5764,0
1763026872.982728,-147,154,-291,-5474,-2662,-5830,0
1763026872.982728,-149,117,-101,-5478,-2592,-5918,0
1763026872.982728,-157,148,84,-5443,-2486,-5979,0
1763026872.982728,-196,226,237,-5377,-2378,-6004,0
1763026873.028026,-269,315,349,-5281,-2267,-6056,0
1763026873.028026,-335,402,440,-5206,-2184,-6083,0
1763026873.028026,-405,464,514,-5130,-2154,-6074,0
1763026873.028026,-472,481,539,-5036,-2168,-6020,0
1763026873.028026,-523,440,502,-4973,-2245,-5949,0
1763026873.116463,-565,355,427,-4937,-2346,-5898,0
1763026873.116463,-588,261,355,-4941,-2423,-5866,0
1763026873.116463,-581,166,308,-4942,-2447,-5858,0
1763026873.116463,-546,65,304,-4943,-2415,-5848,0
1763026873.116463,-474,-25,346,-4975,-2417,-5834,0
1763026873.161569,-413,-96,434,-5024,-2488,-5836,0
1763026873.161569,-366,-140,528,-5095,-2594,-5803,0
1763026873.161569,-322,-151,631,-5153,-2663,-5705,0
1763026873.161569,-297,-108,717,-5199,-2692,-5709,0
1763026873.161569,-275,-53,775,-5237,-2619,-5762,0
1763026873.164719,-256,4,806,-5261,-2479,-5754,0
1763026873.164719,-256,86,819,-5262,-2351,-5749,0
1763026873.164719,-247,208,808,-5236,-2239,-5740,0
1763026873.164719,-217,309,764,-5135,-2175,-5731,0
1763026873.164719,-189,320,700,-5012,-2126,-5705,0
1763026873.208079,-165,249,612,-4924,-2108,-5698,0
1763026873.208079,-133,121,502,-4887,-2114,-5701,0
1763026873.208079,-99,-2,379,-4907,-2125,-5696,0
1763026873.208079,-54,-83,268,-4969,-2136,-5696,0
1763026873.208079,-5,-128,184,-5019,-2132,-5711,0
1763026873.253467,53,-134,124,-5058,-2115,-5716,0
1763026873.253467,112,-120,88,-5056,-2112,-5733,0
1763026873.253467,167,-106,66,-5057,-2110,-5775,0
1763026873.253467,223,-93,55,-5059,-2105,-5787,0
1763026873.253467,260,-73,49,-5059,-2142,-5825,0
1763026873.255467,281,-67,43,-5050,-2190,-5812,0
1763026873.255467,278,-62,16,-5043,-2268,-5793,0
1763026873.255467,261,-71,-36,-5058,-2317,-5788,0
1763026873.255467,245,-103,-110,-5096,-2356,-5785,0
1763026873.255467,216,-122,-192,-5150,-2403,-5784,0
1763026873.298848,178,-148,-261,-5191,-2431,-5813,0
1763026873.298848,158,-160,-300,-5192,-2421,-5846,0
1763026873.298848,160,-167,-297,-5168,-2403,-5841,0
1763026873.298848,158,-173,-263,-5125,-2398,-5839,0
1763026873.298848,158,-214,-216,-5090,-2393,-5850,0
1763026873.432613,167,-270,-177,-5098,-2386,-5869,0
1763026873.432613,182,-302,-148,-5117,-2379,-5813,0
1763026873.432613,174,-292,-125,-5133,-2359,-5765,0
1763026873.432613,172,-281,-114,-5166,-2306,-5786,0
1763026873.432613,176,-259,-126,-5213,-2237,-5790,0
1763026873.47629,170,-203,-151,-5257,-2194,-5759,0
1763026873.47629,164,-142,-185,-5277,-2188,-5734,0
1763026873.47629,162,-57,-212,-5287,-2215,-5738,0
1763026873.47629,176,14,-220,-5265,-2256,-5722,0
1763026873.47629,197,72,-228,-5233,-2303,-5709,0
1763026873.478287,222,104,-238,-5180,-2368,-5683,0
1763026873.478287,243,97,-249,-5145,-2416,-5674,0
1763026873.478287,252,45,-253,-5145,-2464,-5677,0
1763026873.478287,243,-36,-270,-5175,-2517,-5739,0
1763026873.478287,220,-100,-295,-5208,-2547,-5791,0
1763026873.520687,199,-114,-301,-5227,-2560,-5814,0
1763026873.520687,180,-71,-281,-5226,-2569,-5802,0
1763026873.520687,161,-43,-241,-5167,-2515,-5835,0
1763026873.520687,145,-70,-211,-5121,-2448,-5863,0
1763026873.520687,139,-126,-192,-5084,-2401,-5850,0
1763026873.523685,128,-173,-172,-5080,-2389,-5832,0
1763026873.523685,122,-209,-156,-5095,-2401,-5808,0
1763026873.523685,120,-240,-152,-5133,-2411,-5778,0
1763026873.523685,113,-253,-145,-5193,-2418,-5764,0
1763026873.523685,111,-246,-146,-5260,-2401,-5727,0
1763026873.568701,93,-215,-142,-5317,-2408,-5697,0
1763026873.568701,75,-151,-142,-5352,-2419,-5698,0
1763026873.568701,66,-68,-148,-5359,-2414,-5698,0
1763026873.568701,64,26,-149,-5319,-2414,-5689,0
1763026873.568701,58,117,-149,-5261,-2422,-5681,0
1763026873.656806,68,161,-147,-5197,-2422,-5693,0
1763026873.656806,93,166,-147,-5157,-2449,-5652,0
1763026873.656806,103,132,-151,-5144,-2531,-5619,0
1763026873.656806,99,53,-177,-5171,-2637,-5592,0
1763026873.656806,97,-24,-222,-5218,-2730,-5535,0
1763026873.660276,73,-94,-276,-5249,-2794,-5540,0
1763026873.660276,40,-134,-337,-5289,-2793,-5618,0
1763026873.660276,8,-136,-392,-5312,-2708,-5711,0
1763026873.660276,-7,-76,-397,-5309,-2606,-5791,0
1763026873.660276,-23,-5,-348,-5241,-2490,-5888,0
1763026873.703461,-39,51,-279,-5162,-2383,-5968,0
1763026873.703461,-21,108,-220,-5088,-2334,-5890,0
1763026873.703461,-4,165,-177,-5001,-2353,-5727,0
1763026873.703461,3,183,-193,-4950,-2389,-5633,0
1763026873.703461,3,104,-283,-4986,-2451,-5558,0
1763026873.791545,-1,22,-406,-5119,-2550,-5534,0
1763026873.791545,-20,-25,-514,-5278,-2642,-5549,0
1763026873.791545,-30,-29,-564,-5406,-2705,-5595,0
1763026873.791545,-25,3,-538,-5461,-2718,-5656,0
1763026873.791545,-13,46,-438,-5466,-2697,-5754,0
1763026873.794545,-1,113,-292,-5433,-2668,-5835,0
1763026873.794545,0,191,-119,-5397,-2613,-5917,0
1763026873.794545,-16,255,66,-5358,-2558,-6000,0
1763026873.794545,-73,290,225,-5298,-2494,-6048,0
1763026873.794545,-148,305,352,-5230,-2443,-6063,0
1763026873.881546,-234,305,441,-5151,-2410,-6065,0
1763026873.881546,-302,309,495,-5067,-2406,-6048,0
1763026873.881546,-369,304,501,-5005,-2417,-6036,0
1763026873.881546,-414,274,462,-4950,-2432,-5974,0
1763026873.881546,-461,231,412,-4919,-2462,-5902,0
1763026873.883553,-482,173,366,-4918,-2494,-5848,0
1763026873.883553,-483,116,349,-4948,-2510,-5803,0
1763026873.883553,-465,49,357,-4995,-2531,-5773,0
1763026873.883553,-449,-11,370,-5064,-2530,-5765,0
1763026873.883553,-422,-45,392,-5143,-2528,-5761,0
1763026874.017634,-385,-47,447,-5204,-2514,-5724,0
1763026874.017634,-352,-10,524,-5271,-2510,-5681,0
1763026874.017634,-322,62,597,-5305,-2473,-5681,0
1763026874.017634,-285,143,651,-5289,-2433,-5678,0
1763026874.017634,-258,224,689,-5274,-2383,-5693,0
1763026874.019614,-229,283,700,-5231,-2337,-5732,0
1763026874.019614,-199,311,697,-5184,-2325,-5725,0
1763026874.019614,-168,322,681,-5112,-2327,-5697,0
1763026874.019614,-138,287,647,-5020,-2314,-5680,0
1763026874.019614,-110,206,577,-4958,-2296,-5705,0
1763026874.062013,-92,95,476,-4928,-2267,-5720,0
1763026874.062013,-74,-17,360,-4909,-2254,-5709,0
1763026874.062013,-40,-87,252,-4924,-2247,-5695,0
1763026874.062013,-12,-139,161,-4951,-2253,-5706,0
1763026874.062013,31,-156,76,-4963,-2252,-5675,0
1763026874.064028,71,-168,2,-4983,-2269,-5664,0
1763026874.064028,115,-174,-56,-5001,-2287,-5672,0
1763026874.064028,156,-195,-98,-5028,-2285,-5687,0
1763026874.064028,193,-203,-117,-5093,-2299,-5711,0
1763026874.064028,220,-193,-118,-5170,-2318,-5733,0
1763026874.106578,227,-183,-111,-5236,-2350,-5767,0
1763026874.106578,232,-173,-95,-5295,-2359,-5790,0
1763026874.106578,226,-147,-78,-5322,-2367,-5800,0
1763026874.106578,189,-102,-59,-5317,-2406,-5843,0
1763026874.106578,151,-43,-56,-5306,-2446,-5918,0
1763026874.108831,128,49,-63,-5234,-2482,-5841,0
1763026874.108831,109,158,-68,-5137,-2499,-5784,0
1763026874.108831,100,188,-86,-5000,-2458,-5803,0
1763026874.108831,109,94,-128,-4904,-2395,-5814,0
1763026874.108831,115,-55,-175,-4870,-2363,-5796,0
1763026874.154269,131,-220,-219,-4872,-2352,-5752,0
1763026874.154269,164,-337,-256,-4895,-2343,-5712,0
1763026874.154269,193,-410,-297,-4973,-2337,-5689,0
1763026874.154269,214,-442,-337,-5089,-2332,-5702,0
1763026874.154269,221,-439,-363,-5227,-2320,-5708,0
1763026874.198498,217,-397,-360,-5355,-2318,-5715,0
1763026874.198498,204,-307,-335,-5456,-2338,-5712,0
1763026874.198498,188,-170,-289,-5500,-2393,-5736,0
1763026874.198498,159,-13,-245,-5520,-2455,-5757,0
1763026874.198498,123,150,-210,-5472,-2516,-5771,0
1763026874.331341,92,283,-187,-5390,-2541,-5744,0
1763026874.331341,61,369,-179,-5277,-2568,-5748,0
1763026874.331341,33,387,-200,-5145,-2567,-5778,0
1763026874.331341,19,336,-241,-5024,-2543,-5773,0
1763026874.331341,1,252,-284,-4941,-2541,-5823,0
1763026874.334474,7,151,-318,-4884,-2536,-5808,0
1763026874.334474,34,54,-331,-4875,-2530,-5770,0
1763026874.334474,58,-60,-334,-4884,-2494,-5756,0
1763026874.334474,90,-186,-350,-4927,-2458,-5762,0
1763026874.334474,106,-295,-365,-5006,-2443,-5762,0
1763026874.377353,127,-339,-369,-5109,-2451,-5744,0
1763026874.377353,144,-317,-358,-5200,-2464,-5725,0
1763026874.377353,155,-280,-348,-5235,-2464,-5704,0
1763026874.377353,166,-250,-336,-5260,-2465,-5681,0
1763026874.377353,176,-207,-322,-5292,-2457,-5651,0
1763026874.379634,194,-168,-306,-5315,-2455,-5634,0
1763026874.379634,217,-123,-297,-5310,-2488,-5567,0
1763026874.379634,237,-73,-292,-5291,-2534,-5474,0
1763026874.379634,260,-46,-302,-5289,-2613,-5408,0
1763026874.379634,269,-59,-336,-5315,-2733,-5384,0
1763026874.423503,260,-88,-404,-5359,-2864,-5399,0
1763026874.423503,231,-82,-484,-5386,-2938,-5489,0
1763026874.423503,208,-30,-554,-5372,-2916,-5575,0
1763026874.423503,211,68,-570,-5314,-2847,-5653,0
1763026874.423503,193,156,-541,-5211,-2783,-5798,0
1763026874.467932,171,160,-499,-5083,-2680,-5912,0
1763026874.467932,164,118,-454,-4968,-2574,-5950,0
1763026874.467932,145,63,-403,-4871,-2493,-5881,0
1763026874.467932,117,5,-381,-4821,-2469,-5830,0
1763026874.467932,77,-60,-413,-4870,-2520,-5789,0
1763026874.470666,11,-114,-473,-5009,-2606,-5767,0
1763026874.470666,-48,-111,-547,-5172,-2712,-5735,0
1763026874.470666,-99,-35,-602,-5343,-2819,-5700,0
1763026874.470666,-132,55,-605,-5434,-2858,-5697,0
1763026874.470666,-127,122,-540,-5465,-2842,-5725,0
1763026874.513177,-111,185,-405,-5473,-2813,-5766,0
1763026874.513177,-100,240,-227,-5444,-2777,-5823,0
1763026874.513177,-120,263,-49,-5398,-2720,-5893,0
1763026874.513177,-157,272,104,-5359,-2634,-5933,0
1763026874.513177,-224,313,235,-5308,-2549,-5959,0
1763026874.646257,-319,358,332,-5268,-2467,-5994,0
1763026874.646257,-407,415,405,-5232,-2421,-6012,0
1763026874.646257,-487,449,454,-5180,-2404,-5999,0
1763026874.646257,-553,456,488,-5091,-2426,-5944,0
1763026874.646257,-610,428,502,-5024,-2453,-5909,0
1763026874.64949,-636,375,495,-4971,-2515,-5891,0
1763026874.64949,-646,307,488,-4969,-2568,-5864,0
1763026874.64949,-625,221,493,-4972,-2600,-5838,0
1763026874.64949,-590,122,522,-5005,-2639,-5928,0
1763026874.64949,-550,49,604,-5059,-2708,-5889,0
1763026874.692153,-504,66,741,-5116,-2830,-5732,0
1763026874.692153,-484,109,863,-5148,-2939,-5703,0
1763026874.692153,-470,130,914,-5162,-2935,-5747,0
1763026874.692153,-437,141,929,-5164,-2827,-5679,0
1763026874.692153,-411,192,960,-5159,-2676,-5628,0
1763026874.694446,-389,251,996,-5113,-2548,-5655,0
1763026874.694446,-351,262,989,-5058,-2405,-5692,0
1763026874.694446,-293,215,952,-4990,-2282,-5677,0
1763026874.694446,-238,140,893,-4904,-2193,-5636,0
1763026874.694446,-173,45,811,-4856,-2159,-5592,0
1763026874.738346,-112,-85,704,-4871,-2146,-5566,0
1763026874.738346,-51,-195,580,-4944,-2162,-5581,0
1763026874.738346,6,-265,462,-5054,-2168,-5565,0
1763026874.738346,55,-258,363,-5139,-2179,-5560,0
1763026874.738346,100,-187,291,-5226,-2195,-5598,0
1763026874.783276,159,-73,250,-5283,-2200,-5673,0
1763026874.783276,195,53,250,-5272,-2202,-5724,0
1763026874.783276,233,157,273,-5205,-2201,-5738,0
1763026874.783276,266,209,297,-5090,-2222,-5731,0
1763026874.783276,292,207,296,-4997,-2259,-5714,0
1763026874.828532,304,135,251,-4908,-2303,-5758,0
1763026874.828532,291,14,171,-4919,-2355,-5932,0
1763026874.828532,279,-108,91,-4976,-2453,-5983,0
1763026874.828532,204,-127,45,-5009,-2624,-5992,0
1763026874.828532,150,-73,32,-5021,-2734,-5931,0
1763026874.962165,127,2,6,-5002,-2776,-5867,0
1763026874.962165,96,20,-62,-4924,-2703,-5886,0
1763026874.962165,65,-61,-148,-4849,-2569,-5899,0
1763026874.962165,31,-204,-203,-4857,-2469,-5911,0
1763026874.962165,24,-305,-221,-4900,-2394,-5891,0
1763026874.964165,36,-365,-234,-4919,-2354,-5846,0
1763026874.964165,52,-384,-257,-4936,-2310,-5797,0
1763026874.964165,47,-394,-293,-5001,-2292,-5758,0
1763026874.964165,33,-387,-346,-5133,-2281,-5756,0
1763026874.964165,16,-345,-391,-5294,-2259,-5759,0
1763026875.00813,0,-243,-406,-5426,-2233,-5757,0
1763026875.00813,-11,-78,-381,-5509,-2226,-5750,0
1763026875.00813,-18,124,-330,-5537,-2256,-5759,0
1763026875.00813,-20,328,-267,-5531,-2318,-5762,0
1763026875.00813,-22,499,-214,-5449,-2415,-5720,0
1763026875.00932,-32,628,-179,-5339,-2512,-5696,0
1763026875.00932,-41,681,-179,-5195,-2569,-5708,0
1763026875.00932,-46,642,-213,-5062,-2592,-5738,0
1763026875.00932,-53,549,-270,-4963,-2598,-5772,0
1763026875.00932,-46,429,-310,-4895,-2592,-5777,0
1763026875.053117,-26,291,-329,-4853,-2583,-5756,0
1763026875.053117,-2,138,-342,-4828,-2582,-5745,0
1763026875.053117,24,-52,-370,-4827,-2556,-5745,0
1763026875.053117,53,-247,-402,-4899,-2517,-5760,0
1763026875.053117,82,-396,-419,-5003,-2477,-5772,0
1763026875.143449,113,-463,-416,-5104,-2451,-5735,0
1763026875.143449,145,-443,-385,-5183,-2429,-5717,0
1763026875.143449,191,-395,-338,-5241,-2388,-5701,0
1763026875.143449,242,-349,-287,-5297,-2366,-5670,0
1763026875.143449,283,-298,-237,-5382,-2394,-5619,0
1763026875.145449,302,-218,-183,-5468,-2453,-5563,0
1763026875.145449,329,-144,-137,-5484,-2513,-5514,0
1763026875.145449,338,-71,-114,-5473,-2550,-5515,0
1763026875.145449,339,9,-112,-5421,-2603,-5523,0
1763026875.145449,308,114,-121,-5362,-2644,-5598,0
1763026875.188242,294,231,-145,-5268,-2661,-5691,0
1763026875.188242,283,329,-177,-5122,-2670,-5733,0
1763026875.188242,260,363,-202,-4954,-2686,-5785,0
1763026875.188242,242,305,-247,-4815,-2701,-5802,0
1763026875.188242,248,203,-319,-4689,-2707,-5798,0
1763026875.191244,252,30,-385,-4628,-2685,-5837,0
1763026875.191244,250,-179,-442,-4642,-2641,-5889,0
1763026875.191244,246,-395,-484,-4723,-2615,-5916,0
1763026875.191244,233,-567,-494,-4865,-2589,-5904,0
1763026875.191244,218,-646,-476,-5028,-2589,-5847,0
1763026875.277141,185,-647,-438,-5206,-2635,-5827,0
1763026875.277141,150,-563,-397,-5385,-2679,-5789,0
1763026875.277141,98,-403,-361,-5523,-2754,-5691,0
1763026875.277141,20,-183,-329,-5614,-2808,-5677,0
1763026875.277141,-48,59,-294,-5655,-2838,-5723,0
1763026875.280504,-98,309,-245,-5639,-2835,-5790,0
1763026875.280504,-154,518,-152,-5555,-2806,-5861,0
1763026875.280504,-215,640,-30,-5432,-2776,-5962,0
1763026875.280504,-267,662,98,-5281,-2700,-6051,0
1763026875.280504,-324,646,213,-5128,-2633,-6098,0
1763026875.280504,-410,561,313,-4978,-2532,-6139,0
1763026875.323065,-489,461,410,-4881,-2443,-6169,0
1763026875.323065,-549,369,488,-4842,-2382,-6165,0
1763026875.323065,-606,293,532,-4831,-2378,-6111,0
1763026875.323065,-668,198,531,-4856,-2395,-6044,0
1763026875.323065,-722,109,498,-4899,-2438,-5976,0
1763026875.368125,-762,66,455,-4965,-2483,-5910,0
1763026875.368125,-776,67,421,-5001,-2526,-5820,0
1763026875.368125,-763,83,424,-5010,-2548,-5744,0
1763026875.368125,-724,82,448,-4987,-2583,-5681,0
1763026875.368125,-648,61,462,-4986,-2609,-5645,0
1763026875.41253,-560,38,463,-5025,-2636,-5617,0
1763026875.41253,-467,3,482,-5086,-2644,-5564,0
1763026875.41253,-391,-47,528,-5101,-2650,-5527,0
1763026875.41253,-332,-111,592,-5121,-2640,-5585,0
1763026875.41253,-264,-159,650,-5183,-2598,-5662,0
1763026875.458789,-227,-165,693,-5246,-2517,-5691,0
1763026875.458789,-189,-104,726,-5267,-2437,-5674,0
1763026875.458789,-153,-14,737,-5255,-2388,-5662,0
1763026875.458789,-137,43,717,-5206,-2320,-5668,0
1763026875.458789,-106,54,663,-5154,-2261,-5666,0
1763026875.591531,-74,42,588,-5109,-2220,-5665,0
1763026875.591531,-50,24,510,-5061,-2212,-5672,0
1763026875.591531,-18,-15,422,-5021,-2189,-5671,0
1763026875.591531,30,-57,327,-4983,-2196,-5689,0
1763026875.591531,77,-88,245,-4982,-2196,-5710,0
1763026875.593666,121,-111,178,-4982,-2195,-5734,0
1763026875.593666,169,-142,129,-4994,-2204,-5746,0
1763026875.593666,213,-152,102,-5013,-2214,-5769,0
1763026875.593666,241,-155,94,-5038,-2236,-5785,0
1763026875.593666,270,-135,100,-5091,-2250,-5799,0
1763026875.636134,293,-112,118,-5105,-2262,-5795,0
1763026875.636134,303,-102,126,-5129,-2300,-5838,0
1763026875.636134,295,-92,118,-5165,-2371,-5826,0
1763026875.636134,264,-59,101,-5182,-2466,-5790,0
1763026875.636134,228,-38,64,-5174,-2545,-5792,0
1763026875.639133,164,-52,7,-5152,-2617,-5857,0
1763026875.639133,112,-44,-43,-5152,-2672,-5809,0
1763026875.639133,72,27,-79,-5133,-2717,-5782,0
1763026875.639133,36,54,-126,-5050,-2666,-5814,0
1763026875.639133,23,-14,-181,-4941,-2542,-5841,0
1763026875.682527,4,-109,-204,-4916,-2435,-5858,0
1763026875.682527,1,-171,-212,-4947,-2364,-5890,0
1763026875.682527,8,-187,-204,-5003,-2326,-5888,0
1763026875.682527,19,-180,-191,-5060,-2319,-5840,0
1763026875.682527,25,-163,-175,-5122,-2326,-5795,0
1763026875.728374,18,-156,-163,-5202,-2316,-5799,0
1763026875.728374,9,-130,-162,-5303,-2276,-5787,0
1763026875.728374,-2,-57,-155,-5387,-2267,-5748,0
1763026875.728374,-18,49,-141,-5422,-2282,-5723,0
1763026875.728374,-27,180,-128,-5411,-2328,-5710,0
1763026875.773543,-37,307,-139,-5351,-2373,-5688,0
1763026875.773543,-49,403,-173,-5265,-2413,-5700,0
1763026875.773543,-60,457,-223,-5180,-2438,-5726,0
1763026875.773543,-65,464,-287,-5083,-2470,-5740,0
1763026875.773543,-76,419,-343,-4988,-2495,-5783,0
1763026875.907198,-70,329,-385,-4920,-2506,-5876,0
1763026875.907198,-38,225,-399,-4891,-2514,-5861,0
1763026875.907198,-3,129,-380,-4872,-2559,-5791,0
1763026875.907198,19,19,-351,-4866,-2570,-5791,0
1763026875.907198,47,-161,-336,-4910,-2526,-5829,0
1763026875.908375,48,-352,-317,-5031,-2484,-5850,0
1763026875.908375,43,-446,-279,-5185,-2453,-5845,0
1763026875.908375,29,-433,-233,-5311,-2443,-5847,0
1763026875.908375,22,-335,-173,-5366,-2429,-5821,0
1763026875.908375,17,-209,-104,-5377,-2417,-5774,0
1763026875.952003,4,-108,-36,-5387,-2413,-5743,0
1763026875.952003,7,-29,-6,-5373,-2418,-5696,0
1763026875.952003,3,36,-2,-5324,-2437,-5619,0
1763026875.952003,23,111,-21,-5235,-2443,-5556,0
1763026875.952003,71,160,-47,-5133,-2442,-5507,0
1763026875.954155,127,169,-89,-5050,-2464,-5435,0
1763026875.954155,163,135,-176,-4986,-2534,-5385,0
1763026875.954155,200,34,-314,-4970,-2619,-5366,0
1763026875.954155,237,-73,-478,-4986,-2708,-5341,0
1763026875.954155,234,-157,-653,-4999,-2772,-5367,0
1763026875.99719,224,-208,-821,-5026,-2792,-5510,0
1763026875.99719,214,-210,-947,-5105,-2783,-5717,0
1763026875.99719,202,-151,-992,-5178,-2759,-5916,0
1763026875.99719,188,-67,-942,-5192,-2691,-6043,0
1763026875.99719,192,-15,-816,-5150,-2570,-6118,0
1763026875.999734,196,0,-640,-5053,-2456,-6102,0
1763026875.999734,188,4,-477,-5013,-2402,-6022,0
1763026875.999734,147,15,-367,-5055,-2441,-5945,0
1763026875.999734,80,47,-326,-5181,-2556,-5887,0
1763026875.999734,-7,124,-318,-5340,-2693,-5866,0
1763026876.042829,-94,227,-304,-5456,-2783,-5851,0
1763026876.042829,-177,332,-266,-5510,-2807,-5884,0
1763026876.042829,-243,404,-196,-5489,-2775,-5948,0
1763026876.042829,-303,472,-90,-5435,-2718,-6030,0
1763026876.042829,-358,529,39,-5330,-2629,-6111,0
1763026876.087848,-401,537,166,-5155,-2515,-6119,0
1763026876.087848,-453,478,280,-4984,-2399,-6118,0
1763026876.087848,-504,393,382,-4897,-2340,-6129,0
1763026876.087848,-555,336,467,-4922,-2330,-6146,0
1763026876.087848,-619,282,548,-4956,-2347,-6140,0
1763026876.132884,-670,203,593,-4975,-2349,-6118,0
1763026876.132884,-703,138,606,-5001,-2352,-6074,0
1763026876.132884,-721,152,610,-4999,-2372,-6009,0
1763026876.132884,-721,224,619,-5020,-2419,-5968,0
1763026876.132884,-689,293,626,-5053,-2490,-5948,0
1763026876.177842,-666,328,643,-5057,-2592,-5849,0
1763026876.177842,-642,330,691,-5036,-2703,-5694,0
1763026876.177842,-611,327,754,-5017,-2766,-5634,0
1763026876.177842,-566,321,814,-5013,-2792,-5639,0
1763026876.177842,-515,261,842,-5021,-2765,-5659,0
1763026876.223564,-486,167,836,-5059,-2707,-5645,0
1763026876.223564,-453,112,829,-5112,-2603,-5665,0
1763026876.223564,-394,122,847,-5157,-2464,-5700,0
1763026876.223564,-319,167,887,-5123,-2319,-5724,0
1763026876.223564,-242,212,917,-5057,-2185,-5713,0
1763026876.268713,-182,216,912,-4986,-2098,-5716,0
1763026876.268713,-144,176,870,-4956,-2054,-5749,0
1763026876.268713,-96,96,787,-4945,-2013,-5742,0
1763026876.268713,-43,56,682,-4921,-1991,-5727,0
1763026876.268713,8,38,568,-4912,-1988,-5739,0
1763026876.313297,68,35,458,-4901,-2000,-5780,0
1763026876.313297,137,20,355,-4884,-2029,-5783,0
1763026876.313297,190,-33,253,-4849,-2069,-5777,0
1763026876.313297,240,-120,152,-4839,-2126,-5789,0
1763026876.313297,280,-213,52,-4841,-2203,-5797,0
1763026876.358088,302,-263,-27,-4846,-2294,-5794,0
1763026876.358088,307,-287,-82,-4876,-2355,-5859,0
1763026876.358088,304,-302,-123,-4943,-2394,-5936,0
1763026876.358088,284,-306,-147,-4996,-2434,-5966,0
1763026876.358088,227,-287,-158,-5022,-2476,-6019,0
1763026876.4029,172,-235,-167,-5026,-2489,-6066,0
1763026876.4029,149,-137,-176,-5024,-2498,-6024,0
1763026876.4029,119,-25,-193,-4965,-2514,-5958,0
1763026876.4029,75,0,-226,-4874,-2482,-5932,0
1763026876.4029,45,-91,-291,-4818,-2430,-5952,0
1763026876.405529,10,-192,-364,-4846,-2387,-5933,0
1763026876.405529,-5,-256,-435,-4899,-2328,-5900,0
1763026876.405529,-9,-274,-492,-4955,-2267,-5888,0
1763026876.405529,-1,-284,-518,-5019,-2230,-5858,0
1763026876.405529,15,-289,-518,-5097,-2197,-5838,0
1763026876.44784,31,-268,-498,-5189,-2176,-5778,0
1763026876.44784,47,-217,-457,-5281,-2185,-5745,0
1763026876.44784,45,-155,-419,-5368,-2208,-5735,0
1763026876.44784,31,-76,-392,-5444,-2245,-5773,0
1763026876.44784,13,58,-372,-5481,-2300,-5795,0
1763026876.493771,-13,231,-355,-5445,-2343,-5818,0
1763026876.493771,-29,398,-333,-5363,-2377,-5841,0
1763026876.493771,-32,520,-312,-5238,-2411,-5838,0
1763026876.493771,-38,571,-299,-5108,-2451,-5853,0
1763026876.493771,-43,530,-316,-5009,-2508,-5918,0
1763026876.537862,-47,407,-348,-4914,-2573,-5892,0
1763026876.537862,-60,271,-371,-4844,-2640,-5871,0
1763026876.537862,-49,136,-376,-4786,-2627,-5856,0
1763026876.537862,14,-34,-379,-4731,-2539,-5831,0
1763026876.537862,73,-231,-379,-4705,-2422,-5818,0
1763026876.583234,130,-447,-366,-4755,-2327,-5823,0
1763026876.583234,190,-625,-333,-4876,-2286,-5829,0
1763026876.583234,245,-725,-292,-5004,-2263,-5796,0
1763026876.583234,297,-731,-259,-5118,-2264,-5740,0
1763026876.583234,339,-675,-233,-5206,-2268,-5712,0
1763026876.628015,379,-588,-227,-5252,-2282,-5663,0
1763026876.628015,408,-491,-241,-5299,-2314,-5625,0
1763026876.628015,414,-399,-261,-5345,-2381,-5575,0
1763026876.628015,421,-319,-288,-5369,-2475,-5507,0
1763026876.628015,418,-259,-309,-5377,-2608,-5464,0
1763026876.6738,397,-231,-337,-5378,-2756,-5483,0
1763026876.6738,360,-210,-391,-5391,-2870,-5587,0
1763026876.6738,304,-186,-473,-5386,-2941,-5709,0
1763026876.6738,237,-95,-523,-5337,-2938,-5787,0
1763026876.6738,202,59,-516,-5227,-2845,-5871,0
1763026876.808061,205,191,-459,-5075,-2711,-5941,0
1763026876.808061,197,201,-399,-4909,-2569,-6026,0
1763026876.808061,182,96,-341,-4804,-2470,-6109,0
1763026876.808061,157,-35,-279,-4779,-2404,-6147,0
1763026876.808061,130,-139,-214,-4819,-2382,-6134,0
1763026876.810063,99,-209,-149,-4894,-2389,-6072,0
1763026876.810063,51,-266,-106,-4963,-2429,-5951,0
1763026876.810063,-7,-310,-119,-5053,-2491,-5812,0
1763026876.810063,-83,-301,-184,-5193,-2575,-5707,0
1763026876.810063,-167,-205,-273,-5385,-2710,-5706,0
1763026876.852876,-272,-36,-355,-5584,-2846,-5759,0
1763026876.852876,-380,172,-392,-5694,-2926,-5810,0
1763026876.852876,-479,372,-357,-5661,-2916,-5867,0
1763026876.852876,-530,529,-244,-5522,-2813,-5941,0
1763026876.852876,-527,658,-68,-5346,-2675,-5989,0
1763026876.8552,-512,718,129,-5137,-2536,-6009,0
1763026876.8552,-489,689,341,-4986,-2414,-6038,0
1763026876.8552,-453,560,549,-4898,-2362,-6049,0
1763026876.8552,-425,362,726,-4845,-2316,-5992,0
1763026876.8552,-399,146,866,-4827,-2295,-5934,0
1763026876.89856,-395,-67,957,-4846,-2286,-5925,0
1763026876.89856,-380,-231,1006,-4888,-2294,-5917,0
1763026876.89856,-343,-323,1008,-4968,-2308,-5898,0
1763026876.89856,-304,-341,974,-5039,-2374,-5878,0
1763026876.89856,-279,-298,910,-5055,-2472,-5734,0
1763026876.943631,-228,-197,837,-5050,-2553,-5604,0
1763026876.943631,-185,-110,722,-5037,-2592,-5597,0
1763026876.943631,-156,-79,568,-5016,-2590,-5568,0
1763026876.943631,-136,-81,427,-5034,-2626,-5486,0
1763026876.943631,-117,-83,318,-5053,-2619,-5470,0
1763026876.988837,-83,-119,227,-5058,-2520,-5491,0
1763026876.988837,-35,-193,170,-5092,-2385,-5568,0
1763026876.988837,22,-250,164,-5122,-2289,-5628,0
1763026876.988837,83,-268,202,-5135,-2248,-5646,0
1763026876.988837,125,-256,253,-5169,-2273,-5696,0
1763026877.033224,138,-229,298,-5226,-2330,-5777,0
1763026877.033224,115,-177,327,-5308,-2409,-5864,0
1763026877.033224,52,-116,359,-5366,-2474,-5930,0
1763026877.033224,-20,-31,393,-5371,-2500,-5983,0
1763026877.033224,-84,67,423,-5322,-2490,-6013,0
1763026877.167239,-135,180,442,-5212,-2465,-5994,0
1763026877.167239,-176,245,442,-5059,-2423,-5936,0
1763026877.167239,-211,225,429,-4917,-2386,-5925,0
1763026877.167239,-228,142,394,-4822,-2369,-5907,0
1763026877.167239,-238,22,326,-4782,-2335,-5910,0
1763026877.169796,-242,-114,248,-4771,-2263,-5881,0
1763026877.169796,-227,-234,197,-4807,-2193,-5852,0
1763026877.169796,-223,-328,161,-4908,-2161,-5857,0
1763026877.169796,-215,-360,134,-5049,-2141,-5856,0
1763026877.169796,-225,-332,117,-5210,-2184,-5843,0
1763026877.212236,-232,-240,129,-5357,-2257,-5784,0
1763026877.212236,-255,-135,154,-5461,-2367,-5703,0
1763026877.212236,-315,-21,169,-5523,-2495,-5669,0
1763026877.212236,-369,110,174,-5574,-2593,-5637,0
1763026877.212236,-424,238,182,-5597,-2665,-5632,0
1763026877.215423,-453,324,195,-5557,-2673,-5624,0
1763026877.215423,-458,367,225,-5481,-2612,-5617,0
1763026877.215423,-450,364,264,-5403,-2516,-5631,0
1763026877.215423,-441,342,304,-5337,-2388,-5673,0
1763026877.215423,-428,301,344,-5301,-2276,-5705,0
1763026877.256918,-406,288,369,-5281,-2174,-5746,0
1763026877.256918,-391,297,383,-5277,-2089,-5782,0
1763026877.256918,-378,318,393,-5258,-2006,-5857,0
1763026877.256918,-368,347,416,-5247,-1948,-5945,0
1763026877.256918,-341,383,457,-5200,-1866,-5983,0
1763026877.259718,-300,424,503,-5104,-1811,-5952,0
1763026877.259718,-251,459,547,-5016,-1815,-5905,0
1763026877.259718,-197,471,567,-4946,-1917,-5817,0
1763026877.259718,-153,431,545,-4920,-2062,-5748,0
1763026877.259718,-129,354,492,-4960,-2204,-5728,0
1763026877.302891,-114,232,422,-5029,-2304,-5741,0
1763026877.302891,-125,90,357,-5105,-2335,-5788,0
1763026877.302891,-134,11,307,-5192,-2318,-5859,0
1763026877.302891,-128,20,309,-5241,-2314,-5874,0
1763026877.302891,-129,60,350,-5231,-2311,-5878,0
1763026877.348563,-138,74,404,-5199,-2280,-5906,0
1763026877.348563,-139,69,438,-5171,-2189,-5906,0
1763026877.348563,-149,102,442,-5187,-2095,-5942,0
1763026877.348563,-166,151,443,-5201,-2014,-5943,0
1763026877.348563,-178,201,449,-5230,-1965,-6001,0
1763026877.393891,-184,260,480,-5170,-1890,-5894,0
1763026877.393891,-151,302,482,-5205,-1842,-6078,0
1763026877.393891,-135,327,484,-5079,-1798,-5820,0
1763026877.393891,-153,389,475,-5040,-1809,-5892,0
1763026877.393891,-110,390,456,-5043,-1832,-6012,0
1763026877.437864,-75,394,422,-5002,-1888,-5868,0
1763026877.437864,-86,412,406,-4996,-1945,-5946,0
1763026877.437864,-46,356,395,-5035,-1978,-6040,0
1763026877.437864,-10,262,383,-5031,-2025,-5888,0
1763026877.437864,-33,178,392,-5076,-2090,-5862,0
1763026877.528627,-32,19,357,-5188,-2104,-5987,0
1763026877.528627,-20,-103,281,-5273,-2117,-5877,0
1763026877.528627,-101,-103,212,-5301,-2108,-5771,0
1763026877.528627,-164,-2,158,-5318,-2085,-5949,0
1763026877.528627,-161,143,142,-5219,-2002,-5960,0
1763026877.531193,-160,342,193,-5037,-1893,-5965,0
1763026877.531193,-119,442,295,-4876,-1808,-6112,0
1763026877.531193,-25,368,394,-4735,-1739,-6087,0
1763026877.531193,47,177,473,-4656,-1746,-5960,0
